{
  "akiec": {
    "precision": 0.6578947368421053,
    "recall": 0.7692307692307693,
    "f1-score": 0.7092198581560284,
    "support": 65.0
  },
  "bcc": {
    "precision": 0.8865979381443299,
    "recall": 0.8349514563106796,
    "f1-score": 0.86,
    "support": 103.0
  },
  "bkl": {
    "precision": 0.8164251207729468,
    "recall": 0.7681818181818182,
    "f1-score": 0.7915690866510539,
    "support": 220.0
  },
  "df": {
    "precision": 0.9,
    "recall": 0.782608695652174,
    "f1-score": 0.8372093023255814,
    "support": 23.0
  },
  "mel": {
    "precision": 0.7452830188679245,
    "recall": 0.7085201793721974,
    "f1-score": 0.7264367816091954,
    "support": 223.0
  },
  "nv": {
    "precision": 0.9345588235294118,
    "recall": 0.947800149142431,
    "f1-score": 0.9411329137356534,
    "support": 1341.0
  },
  "vasc": {
    "precision": 0.8709677419354839,
    "recall": 0.9642857142857143,
    "f1-score": 0.9152542372881356,
    "support": 28.0
  },
  "accuracy": 0.8881677483774338,
  "macro avg": {
    "precision": 0.8302467685846003,
    "recall": 0.8250826831679691,
    "f1-score": 0.8258317399665213,
    "support": 2003.0
  },
  "weighted avg": {
    "precision": 0.8877807610725578,
    "recall": 0.8881677483774338,
    "f1-score": 0.887549706469941,
    "support": 2003.0
  }
}